time_s,symbol,side,qty,price,reason
1772299500,Boom 900 Index,BUY,0.2,9060.181,signal
1772301900,Boom 900 Index,CLOSE,0.2,9080.781,takeprofit
1772302200,Boom 900 Index,BUY,0.2,9081.19,signal
1772303700,Boom 900 Index,CLOSE,0.2,9068.19,stop
1772315700,Boom 900 Index,BUY,0.2,9059.31,signal
1772316900,Boom 900 Index,CLOSE,0.2,9046.31,stop
1772322600,Boom 900 Index,BUY,0.2,9090.945,signal
1772328000,Boom 900 Index,CLOSE,0.2,9077.945,stop
1772330100,Boom 900 Index,BUY,0.2,9128.554,signal
1772331600,Boom 900 Index,CLOSE,0.2,9115.544000000002,stop
1772337300,Boom 900 Index,BUY,0.2,9125.851999999999,signal
1772339700,Boom 900 Index,CLOSE,0.2,9146.442000000001,takeprofit
1772340000,Boom 900 Index,BUY,0.2,9150.520999999999,signal
1772340900,Boom 900 Index,CLOSE,0.2,9137.511,stop
1772373000,Boom 900 Index,BUY,0.2,9053.682,signal
1772387100,Boom 900 Index,CLOSE,0.2,9074.282000000001,takeprofit
1772389200,Boom 900 Index,BUY,0.2,9089.992,signal
1772390400,Boom 900 Index,CLOSE,0.2,9076.992,stop
1772392200,Boom 900 Index,BUY,0.2,9106.243999999999,signal
1772394000,Boom 900 Index,CLOSE,0.2,9093.239,stop
1772395800,Boom 900 Index,BUY,0.2,9110.92,signal
1772397300,Boom 900 Index,CLOSE,0.2,9097.915,stop
1772398800,Boom 900 Index,BUY,0.2,9119.92,signal
1772408100,Boom 900 Index,CLOSE,0.2,9106.910000000002,stop
1772418000,Boom 900 Index,BUY,0.2,9104.964999999998,signal
1772419200,Boom 900 Index,CLOSE,0.2,9125.555,takeprofit
1772419500,Boom 900 Index,BUY,0.2,9124.979,signal
1772422200,Boom 900 Index,CLOSE,0.2,9111.969000000001,stop
1772438100,Boom 900 Index,BUY,0.2,9114.642,signal
1772439000,Boom 900 Index,CLOSE,0.2,9101.632000000001,stop
1772454900,Boom 900 Index,BUY,0.2,9088.562,signal
1772456100,Boom 900 Index,CLOSE,0.2,9075.562,stop
1772458500,Boom 900 Index,BUY,0.2,9089.877,signal
1772460000,Boom 900 Index,CLOSE,0.2,9076.877,stop
1772490900,Boom 900 Index,BUY,0.2,9076.833,signal
1772491800,Boom 900 Index,CLOSE,0.2,9063.833,stop
1772514300,Boom 900 Index,BUY,0.2,9103.588,signal
1772516400,Boom 900 Index,CLOSE,0.2,9090.583,stop
1772517600,Boom 900 Index,BUY,0.2,9106.020999999999,signal
1772518800,Boom 900 Index,CLOSE,0.2,9093.016,stop
1772539200,Boom 900 Index,BUY,0.2,9085.475,signal
1772540100,Boom 900 Index,CLOSE,0.2,9072.475,stop
1772645100,Boom 900 Index,BUY,0.2,9076.209,signal
1772646000,Boom 900 Index,CLOSE,0.2,9063.209,stop
1772647800,Boom 900 Index,BUY,0.2,9091.676,signal
1772649000,Boom 900 Index,CLOSE,0.2,9078.676,stop
1772651100,Boom 900 Index,BUY,0.2,9101.332,signal
1772652000,Boom 900 Index,CLOSE,0.2,9088.332,stop
1772652300,Boom 900 Index,BUY,0.2,9106.839999999998,signal
1772653200,Boom 900 Index,CLOSE,0.2,9093.835,stop
1772667900,Boom 900 Index,BUY,0.2,9085.186,signal
1772668800,Boom 900 Index,CLOSE,0.2,9072.186,stop
1772706000,Boom 900 Index,SELL,0.2,8958.657,signal
1772706300,Boom 900 Index,CLOSE,0.2,8971.647,stop
1772708400,Boom 900 Index,SELL,0.2,8952.926,signal
1772712000,Boom 900 Index,CLOSE,0.2,8932.316,takeprofit
1772712300,Boom 900 Index,SELL,0.2,8929.393,signal
1772714400,Boom 900 Index,CLOSE,0.2,8908.778,takeprofit
1772714700,Boom 900 Index,SELL,0.2,8906.278,signal
1772718000,Boom 900 Index,CLOSE,0.2,8885.658,takeprofit
1772718300,Boom 900 Index,SELL,0.2,8883.055,signal
1772722200,Boom 900 Index,CLOSE,0.2,8862.435,takeprofit
1772722500,Boom 900 Index,SELL,0.2,8860.268,signal
1772725800,Boom 900 Index,CLOSE,0.2,8873.248,stop
1772735100,Boom 900 Index,SELL,0.2,8908.300000000001,signal
1772736000,Boom 900 Index,CLOSE,0.2,8921.28,stop
1772742900,Boom 900 Index,SELL,0.2,8942.095,signal
1772744700,Boom 900 Index,CLOSE,0.2,8955.085000000001,stop
1772754900,Boom 900 Index,SELL,0.2,8951.956999999999,signal
1772756100,Boom 900 Index,CLOSE,0.2,8964.947,stop
1772765100,Boom 900 Index,SELL,0.2,8972.143,signal
1772767500,Boom 900 Index,CLOSE,0.2,8985.133000000002,stop
1772809800,Boom 900 Index,SELL,0.2,8987.687,signal
1772812800,Boom 900 Index,CLOSE,0.2,8967.077000000001,takeprofit
1772813100,Boom 900 Index,SELL,0.2,8963.095,signal
1772814600,Boom 900 Index,CLOSE,0.2,8976.085000000001,stop
1772817300,Boom 900 Index,SELL,0.2,8953.0,signal
1772823600,Boom 900 Index,CLOSE,0.2,8932.390000000001,takeprofit
1772823900,Boom 900 Index,SELL,0.2,8929.766,signal
1772839200,Boom 900 Index,CLOSE,0.2,8909.151,takeprofit
1772853300,Boom 900 Index,SELL,0.2,8901.899,signal
1772858400,Boom 900 Index,CLOSE,0.2,8881.278999999999,takeprofit
1772858700,Boom 900 Index,SELL,0.2,8878.448,signal
1772864100,Boom 900 Index,CLOSE,0.2,8857.828,takeprofit
1772864700,Boom 900 Index,SELL,0.2,8856.082,signal
1772865600,Boom 900 Index,CLOSE,0.2,8869.062,stop
1772871000,Boom 900 Index,SELL,0.2,8848.12,signal
1772871600,Boom 900 Index,CLOSE,0.2,8861.1,stop
1772877300,Boom 900 Index,SELL,0.2,8832.349,signal
1772877600,Boom 900 Index,CLOSE,0.2,8845.329,stop
1772880000,Boom 900 Index,SELL,0.2,8829.520999999999,signal
1772882100,Boom 900 Index,CLOSE,0.2,8808.891,takeprofit
1772882400,Boom 900 Index,SELL,0.2,8805.884,signal
1772888700,Boom 900 Index,CLOSE,0.2,8818.854000000001,stop
1772896800,Boom 900 Index,SELL,0.2,8804.938,signal
1772901000,Boom 900 Index,CLOSE,0.2,8784.308,takeprofit
1772901300,Boom 900 Index,SELL,0.2,8782.546,signal
1772901600,Boom 900 Index,CLOSE,0.2,8795.516000000001,stop
1772903400,Boom 900 Index,SELL,0.2,8780.862,signal
1772908500,Boom 900 Index,CLOSE,0.2,8760.232,takeprofit
1772908800,Boom 900 Index,SELL,0.2,8756.462,signal
1772910000,Boom 900 Index,CLOSE,0.2,8769.432,stop
1772977800,Boom 900 Index,BUY,0.2,9100.921,signal
1772979900,Boom 900 Index,CLOSE,0.2,9087.921,stop
1773016200,Boom 900 Index,BUY,0.2,9128.242999999999,signal
1773018000,Boom 900 Index,CLOSE,0.2,9115.233,stop
1773018600,Boom 900 Index,BUY,0.2,9134.701,signal
1773019800,Boom 900 Index,CLOSE,0.2,9121.691,stop
1773032700,Boom 900 Index,BUY,0.2,9174.23,signal
1773033900,Boom 900 Index,CLOSE,0.2,9161.220000000001,stop
1773042600,Boom 900 Index,BUY,0.2,9156.946,signal
1773047400,Boom 900 Index,CLOSE,0.2,9143.936000000002,stop
1773048600,Boom 900 Index,BUY,0.2,9177.732,signal
1773050700,Boom 900 Index,CLOSE,0.2,9164.722000000002,stop
1773061500,Boom 900 Index,BUY,0.2,9180.868999999999,signal
1773064200,Boom 900 Index,CLOSE,0.2,9167.859,stop
1773096000,Boom 900 Index,BUY,0.2,9066.69,signal
1773099000,Boom 900 Index,CLOSE,0.2,9087.29,takeprofit
1773099300,Boom 900 Index,BUY,0.2,9088.626,signal
1773101100,Boom 900 Index,CLOSE,0.2,9075.626,stop
1773113400,Boom 900 Index,BUY,0.2,9138.952,signal
1773114900,Boom 900 Index,CLOSE,0.2,9125.942000000001,stop
1773116400,Boom 900 Index,BUY,0.2,9150.65,signal
1773118200,Boom 900 Index,CLOSE,0.2,9171.240000000002,takeprofit
1773118500,Boom 900 Index,BUY,0.2,9176.118999999999,signal
1773120300,Boom 900 Index,CLOSE,0.2,9196.704,takeprofit
1773120600,Boom 900 Index,BUY,0.2,9195.567000000001,signal
1773123600,Boom 900 Index,CLOSE,0.2,9182.552000000001,stop
1773206100,Boom 900 Index,BUY,0.2,8948.159000000001,signal
1773207000,Boom 900 Index,CLOSE,0.2,8935.169,stop
1773229800,Boom 900 Index,SELL,0.2,8908.268,signal
1773231000,Boom 900 Index,CLOSE,0.2,8921.248,stop
1773299100,Boom 900 Index,SELL,0.2,8965.491999999998,signal
1773305700,Boom 900 Index,CLOSE,0.2,8944.882,takeprofit
1773306000,Boom 900 Index,SELL,0.2,8941.535,signal
1773310800,Boom 900 Index,CLOSE,0.2,8920.925000000001,takeprofit
1773390600,Boom 900 Index,SELL,0.2,8967.371,signal
1773393600,Boom 900 Index,CLOSE,0.2,8980.361,stop
1773433500,Boom 900 Index,BUY,0.2,9106.717999999999,signal
1773437400,Boom 900 Index,CLOSE,0.2,9093.713,stop
1773444300,Boom 900 Index,BUY,0.2,9118.982,signal
1773445200,Boom 900 Index,CLOSE,0.2,9105.972000000002,stop
1773451500,Boom 900 Index,BUY,0.2,9120.507,signal
1773452700,Boom 900 Index,CLOSE,0.2,9141.097000000002,takeprofit
1773453000,Boom 900 Index,BUY,0.2,9142.806999999999,signal
1773456000,Boom 900 Index,CLOSE,0.2,9129.797,stop
1773465900,Boom 900 Index,BUY,0.2,9146.526,signal
1773467100,Boom 900 Index,CLOSE,0.2,9133.516000000001,stop
1773482700,Boom 900 Index,BUY,0.2,9134.586,signal
1773483600,Boom 900 Index,CLOSE,0.2,9121.576000000001,stop
1773494400,Boom 900 Index,BUY,0.2,9145.583999999999,signal
1773495600,Boom 900 Index,CLOSE,0.2,9132.574,stop
1773510900,Boom 900 Index,BUY,0.2,9077.709,signal
1773516300,Boom 900 Index,CLOSE,0.2,9064.709,stop
1773579900,Boom 900 Index,SELL,0.2,8927.641,signal
1773583200,Boom 900 Index,CLOSE,0.2,8907.026,takeprofit
1773583500,Boom 900 Index,SELL,0.2,8905.245,signal
1773583500,Boom 900 Index,CLOSE,0.2,8918.225,stop
1773585900,Boom 900 Index,SELL,0.2,8902.716,signal
1773590700,Boom 900 Index,CLOSE,0.2,8882.096,takeprofit
1773595800,Boom 900 Index,SELL,0.2,8876.361,signal
1773597900,Boom 900 Index,CLOSE,0.2,8855.741,takeprofit
1773598200,Boom 900 Index,SELL,0.2,8852.24,signal
1773600900,Boom 900 Index,CLOSE,0.2,8865.22,stop
1773610200,Boom 900 Index,SELL,0.2,8839.632,signal
1773612300,Boom 900 Index,CLOSE,0.2,8819.007,takeprofit
1773612600,Boom 900 Index,SELL,0.2,8816.155999999999,signal
1773613800,Boom 900 Index,CLOSE,0.2,8829.126,stop
1773630300,Boom 900 Index,SELL,0.2,8845.385,signal
1773632400,Boom 900 Index,CLOSE,0.2,8824.76,takeprofit
1773632700,Boom 900 Index,SELL,0.2,8822.515,signal
1773635100,Boom 900 Index,CLOSE,0.2,8835.485,stop
1773641400,Boom 900 Index,SELL,0.2,8818.866,signal
1773643800,Boom 900 Index,CLOSE,0.2,8798.236,takeprofit
1773644100,Boom 900 Index,SELL,0.2,8796.005,signal
1773648900,Boom 900 Index,CLOSE,0.2,8808.975,stop
1773657000,Boom 900 Index,SELL,0.2,8780.692,signal
1773659400,Boom 900 Index,CLOSE,0.2,8760.062,takeprofit
1773659700,Boom 900 Index,SELL,0.2,8756.876,signal
1773660300,Boom 900 Index,CLOSE,0.2,8769.846000000001,stop
1773678600,Boom 900 Index,SELL,0.2,8756.782,signal
1773681000,Boom 900 Index,CLOSE,0.2,8769.752,stop
1773692100,Boom 900 Index,SELL,0.2,8745.528999999999,signal
1773697800,Boom 900 Index,CLOSE,0.2,8724.893999999998,takeprofit
1773698100,Boom 900 Index,SELL,0.2,8723.186,signal
1773704400,Boom 900 Index,CLOSE,0.2,8736.151,stop
1773715200,Boom 900 Index,SELL,0.2,8742.412999999999,signal
1773715500,Boom 900 Index,CLOSE,0.2,8755.383,stop
1773718200,Boom 900 Index,SELL,0.2,8735.457,signal
1773718800,Boom 900 Index,CLOSE,0.2,8748.422,stop
1773725100,Boom 900 Index,SELL,0.2,8728.563,signal
1773727200,Boom 900 Index,CLOSE,0.2,8707.922999999999,takeprofit
1773727500,Boom 900 Index,SELL,0.2,8705.472,signal
1773730800,Boom 900 Index,CLOSE,0.2,8718.431999999999,stop
1773742500,Boom 900 Index,SELL,0.2,8714.604000000001,signal
1773743100,Boom 900 Index,CLOSE,0.2,8727.564,stop
1773750000,Boom 900 Index,SELL,0.2,8705.917000000001,signal
1773750000,Boom 900 Index,CLOSE,0.2,8718.877,stop
1773762900,Boom 900 Index,SELL,0.2,8700.974,signal
1773769200,Boom 900 Index,CLOSE,0.2,8680.333999999999,takeprofit
1773792000,Boom 900 Index,SELL,0.2,8683.485,signal
1773793500,Boom 900 Index,CLOSE,0.2,8696.445,stop
1773799200,Boom 900 Index,SELL,0.2,8663.639000000001,signal
1773800400,Boom 900 Index,CLOSE,0.2,8676.599,stop
1773819300,Boom 900 Index,SELL,0.2,8685.143,signal
1773819900,Boom 900 Index,CLOSE,0.2,8698.103,stop
1773822000,Boom 900 Index,SELL,0.2,8678.079,signal
1773824100,Boom 900 Index,CLOSE,0.2,8657.438999999998,takeprofit
1773826500,Boom 900 Index,SELL,0.2,8653.561,signal
1773830400,Boom 900 Index,CLOSE,0.2,8666.520999999999,stop
1773864900,Boom 900 Index,SELL,0.2,8674.427,signal
1773867900,Boom 900 Index,CLOSE,0.2,8653.786999999998,takeprofit
1773868200,Boom 900 Index,SELL,0.2,8650.630000000001,signal
1773870900,Boom 900 Index,CLOSE,0.2,8629.985,takeprofit
1773871200,Boom 900 Index,SELL,0.2,8628.676,signal
1773873300,Boom 900 Index,CLOSE,0.2,8608.026,takeprofit
1773873600,Boom 900 Index,SELL,0.2,8605.008,signal
1773874200,Boom 900 Index,CLOSE,0.2,8617.958,stop
1773882000,Boom 900 Index,SELL,0.2,8624.877,signal
1773884700,Boom 900 Index,CLOSE,0.2,8604.227,takeprofit
1773885000,Boom 900 Index,SELL,0.2,8602.923999999999,signal
1773885300,Boom 900 Index,CLOSE,0.2,8615.874,stop
1773894000,Boom 900 Index,SELL,0.2,8638.592999999999,signal
1773899400,Boom 900 Index,CLOSE,0.2,8617.943,takeprofit
1773902100,Boom 900 Index,SELL,0.2,8616.393,signal
1773904200,Boom 900 Index,CLOSE,0.2,8595.743,takeprofit
1773904500,Boom 900 Index,SELL,0.2,8594.324,signal
1773908700,Boom 900 Index,CLOSE,0.2,8573.674,takeprofit
1773909000,Boom 900 Index,SELL,0.2,8571.652,signal
1773914400,Boom 900 Index,CLOSE,0.2,8584.602,stop
1773951300,Boom 900 Index,SELL,0.2,8640.26,signal
1773951300,Boom 900 Index,CLOSE,0.2,8653.210000000001,stop
1773960600,Boom 900 Index,SELL,0.2,8652.223,signal
1773963300,Boom 900 Index,CLOSE,0.2,8665.182999999999,stop
1774023600,Boom 900 Index,SELL,0.2,8662.396,signal
1774023600,Boom 900 Index,CLOSE,0.2,8675.356,stop
1774061400,Boom 900 Index,SELL,0.2,8673.7,signal
1774063500,Boom 900 Index,CLOSE,0.2,8653.06,takeprofit
1774063800,Boom 900 Index,SELL,0.2,8651.553,signal
1774065900,Boom 900 Index,CLOSE,0.2,8630.908,takeprofit
1774066200,Boom 900 Index,SELL,0.2,8629.190999999999,signal
1774066200,Boom 900 Index,CLOSE,0.2,8642.141,stop
1774078200,Boom 900 Index,SELL,0.2,8662.951000000001,signal
1774081500,Boom 900 Index,CLOSE,0.2,8642.306,takeprofit
1774083000,Boom 900 Index,SELL,0.2,8639.252,signal
1774084800,Boom 900 Index,CLOSE,0.2,8652.202000000001,stop
1774099800,Boom 900 Index,SELL,0.2,8674.187,signal
1774102800,Boom 900 Index,CLOSE,0.2,8653.546999999999,takeprofit
1774103100,Boom 900 Index,SELL,0.2,8650.521999999999,signal
1774107600,Boom 900 Index,CLOSE,0.2,8629.872,takeprofit
1774108500,Boom 900 Index,SELL,0.2,8627.996,signal
1774112100,Boom 900 Index,CLOSE,0.2,8640.946,stop
1774126200,Boom 900 Index,SELL,0.2,8629.083999999999,signal
1774131000,Boom 900 Index,CLOSE,0.2,8608.434,takeprofit
1774131300,Boom 900 Index,SELL,0.2,8605.440999999999,signal
1774131300,Boom 900 Index,CLOSE,0.2,8618.391,stop
1774136700,Boom 900 Index,SELL,0.2,8599.909,signal
1774141500,Boom 900 Index,CLOSE,0.2,8579.259,takeprofit
1774149000,Boom 900 Index,SELL,0.2,8565.997,signal
1774154100,Boom 900 Index,CLOSE,0.2,8545.341999999999,takeprofit
1774154400,Boom 900 Index,SELL,0.2,8542.342,signal
1774154400,Boom 900 Index,CLOSE,0.2,8555.282,stop
1774167900,Boom 900 Index,SELL,0.2,8526.196,signal
1774170000,Boom 900 Index,CLOSE,0.2,8505.535999999998,takeprofit
1774183500,Boom 900 Index,SELL,0.2,8509.382000000001,signal
1774183800,Boom 900 Index,CLOSE,0.2,8522.322,stop
1774221600,Boom 900 Index,SELL,0.2,8587.114,signal
1774223700,Boom 900 Index,CLOSE,0.2,8566.464,takeprofit
1774224000,Boom 900 Index,SELL,0.2,8563.893,signal
1774226700,Boom 900 Index,CLOSE,0.2,8543.238,takeprofit
1774227000,Boom 900 Index,SELL,0.2,8540.931,signal
1774230600,Boom 900 Index,CLOSE,0.2,8553.871,stop
1774244400,Boom 900 Index,SELL,0.2,8527.933,signal
1774247400,Boom 900 Index,CLOSE,0.2,8540.873,stop
1774416600,Boom 900 Index,BUY,0.2,8754.553,signal
1774419600,Boom 900 Index,CLOSE,0.2,8775.182999999999,takeprofit
1774419900,Boom 900 Index,BUY,0.2,8778.286,signal
1774420200,Boom 900 Index,CLOSE,0.2,8798.916,takeprofit
1774420500,Boom 900 Index,BUY,0.2,8805.042000000001,signal
1774421700,Boom 900 Index,CLOSE,0.2,8792.072,stop
1774440600,Boom 900 Index,BUY,0.2,8753.601,signal
1774443000,Boom 900 Index,CLOSE,0.2,8740.631,stop
1774443300,Boom 900 Index,BUY,0.2,8770.710000000001,signal
1774444800,Boom 900 Index,CLOSE,0.2,8757.74,stop
1774451100,Boom 900 Index,BUY,0.2,8770.465,signal
1774455300,Boom 900 Index,CLOSE,0.2,8757.494999999999,stop
1774460400,Boom 900 Index,BUY,0.2,8778.849,signal
1774464000,Boom 900 Index,CLOSE,0.2,8799.479,takeprofit
1774464300,Boom 900 Index,BUY,0.2,8801.04,signal
1774468800,Boom 900 Index,CLOSE,0.2,8821.67,takeprofit
1774469100,Boom 900 Index,BUY,0.2,8825.492,signal
1774471200,Boom 900 Index,CLOSE,0.2,8846.117,takeprofit
1774471500,Boom 900 Index,BUY,0.2,8865.411,signal
1774476900,Boom 900 Index,CLOSE,0.2,8886.031,takeprofit
1774477200,Boom 900 Index,BUY,0.2,8891.324,signal
1774478100,Boom 900 Index,CLOSE,0.2,8878.344000000001,stop
1774479000,Boom 900 Index,BUY,0.2,8929.593,signal
1774480500,Boom 900 Index,CLOSE,0.2,8916.608,stop
1774489200,Boom 900 Index,BUY,0.2,8937.739000000001,signal
1774491300,Boom 900 Index,CLOSE,0.2,8924.749,stop
1774523400,Boom 900 Index,BUY,0.2,8851.543,signal
1774524600,Boom 900 Index,CLOSE,0.2,8838.563,stop
1774533000,Boom 900 Index,BUY,0.2,8831.992,signal
1774533900,Boom 900 Index,CLOSE,0.2,8819.017,stop
1774536900,Boom 900 Index,BUY,0.2,8838.457,signal
1774539300,Boom 900 Index,CLOSE,0.2,8825.482,stop
1774542000,Boom 900 Index,BUY,0.2,8840.822,signal
1774553100,Boom 900 Index,CLOSE,0.2,8861.442000000001,takeprofit
1774556400,Boom 900 Index,BUY,0.2,8874.256,signal
1774559100,Boom 900 Index,CLOSE,0.2,8894.876,takeprofit
1774559400,Boom 900 Index,BUY,0.2,8898.987,signal
1774562400,Boom 900 Index,CLOSE,0.2,8886.007,stop
1774568100,Boom 900 Index,BUY,0.2,8911.652,signal
1774572300,Boom 900 Index,CLOSE,0.2,8932.272,takeprofit
1774572600,Boom 900 Index,BUY,0.2,8934.606000000002,signal
1774573800,Boom 900 Index,CLOSE,0.2,8921.616,stop
1774586100,Boom 900 Index,BUY,0.2,8923.983,signal
1774589100,Boom 900 Index,CLOSE,0.2,8910.998,stop
1774608300,Boom 900 Index,BUY,0.2,8917.021,signal
1774611000,Boom 900 Index,CLOSE,0.2,8904.041000000001,stop
1774612200,Boom 900 Index,BUY,0.2,8945.397,signal
1774614000,Boom 900 Index,CLOSE,0.2,8932.407,stop
1774617300,Boom 900 Index,BUY,0.2,8983.150000000001,signal
1774619400,Boom 900 Index,CLOSE,0.2,8970.16,stop
1774635600,Boom 900 Index,BUY,0.2,8962.589,signal
1774640400,Boom 900 Index,CLOSE,0.2,8949.598999999998,stop
1774661700,Boom 900 Index,BUY,0.2,8914.127,signal
1774662900,Boom 900 Index,CLOSE,0.2,8901.147,stop
1774663200,Boom 900 Index,BUY,0.2,8927.525000000001,signal
1774666800,Boom 900 Index,CLOSE,0.2,8948.135,takeprofit
1774667100,Boom 900 Index,BUY,0.2,8959.092,signal
1774668900,Boom 900 Index,CLOSE,0.2,8979.702,takeprofit
1774669200,Boom 900 Index,BUY,0.2,8981.577000000001,signal
1774670700,Boom 900 Index,CLOSE,0.2,8968.587,stop
1774715700,Boom 900 Index,BUY,0.2,8902.726999999999,signal
1774718100,Boom 900 Index,CLOSE,0.2,8923.341999999999,takeprofit
1774718400,Boom 900 Index,BUY,0.2,8932.325,signal
1774733400,Boom 900 Index,CLOSE,0.2,8952.935,takeprofit
1774747200,Boom 900 Index,BUY,0.2,8983.252,signal
1774747200,Boom 900 Index,CLOSE,0.2,9003.862,takeprofit
1774747500,Boom 900 Index,BUY,0.2,9007.681,signal
1774748700,Boom 900 Index,CLOSE,0.2,8994.690999999999,stop
1774753500,Boom 900 Index,BUY,0.2,9011.743,signal
1774755900,Boom 900 Index,CLOSE,0.2,9032.343,takeprofit
1774756200,Boom 900 Index,BUY,0.2,9034.066,signal
1774757700,Boom 900 Index,CLOSE,0.2,9021.066,stop
1774760400,Boom 900 Index,BUY,0.2,9047.67,signal
1774761300,Boom 900 Index,CLOSE,0.2,9034.67,stop
1774794000,Boom 900 Index,BUY,0.2,9094.275,signal
1774795800,Boom 900 Index,CLOSE,0.2,9081.275,stop
1774801200,Boom 900 Index,BUY,0.2,9109.930999999999,signal
1774802100,Boom 900 Index,CLOSE,0.2,9096.921,stop
1774802700,Boom 900 Index,BUY,0.2,9121.38,signal
1774803600,Boom 900 Index,CLOSE,0.2,9108.37,stop
1774806900,Boom 900 Index,BUY,0.2,9098.785,signal
1774807200,Boom 900 Index,CLOSE,0.2,9119.385,takeprofit
1774809000,Boom 900 Index,BUY,0.2,9137.213,signal
1774811400,Boom 900 Index,CLOSE,0.2,9157.803000000002,takeprofit
1774811700,Boom 900 Index,BUY,0.2,9162.122,signal
1774812600,Boom 900 Index,CLOSE,0.2,9149.112000000001,stop
1774824300,Boom 900 Index,BUY,0.2,9195.418,signal
1774825800,Boom 900 Index,CLOSE,0.2,9182.403,stop
1774855200,Boom 900 Index,BUY,0.2,9088.614,signal
1774860000,Boom 900 Index,CLOSE,0.2,9075.614,stop
1774865700,Boom 900 Index,BUY,0.2,9085.461,signal
1774866600,Boom 900 Index,CLOSE,0.2,9072.461,stop
1774868400,Boom 900 Index,BUY,0.2,9091.828,signal
1774869600,Boom 900 Index,CLOSE,0.2,9078.828,stop
1774889400,Boom 900 Index,BUY,0.2,9071.427,signal
1774893900,Boom 900 Index,CLOSE,0.2,9058.427,stop
1774911300,Boom 900 Index,BUY,0.2,9058.267,signal
1774917300,Boom 900 Index,CLOSE,0.2,9045.267,stop
1774920600,Boom 900 Index,BUY,0.2,9074.818,signal
1774923600,Boom 900 Index,CLOSE,0.2,9095.418,takeprofit
1774923900,Boom 900 Index,BUY,0.2,9112.685,signal
1774926900,Boom 900 Index,CLOSE,0.2,9133.275000000001,takeprofit
1774927200,Boom 900 Index,BUY,0.2,9136.832999999999,signal
1774929000,Boom 900 Index,CLOSE,0.2,9123.823,stop
1774940400,Boom 900 Index,BUY,0.2,9147.408,signal
1774942500,Boom 900 Index,CLOSE,0.2,9134.398000000001,stop
1774944600,Boom 900 Index,BUY,0.2,9160.100999999999,signal
1774945500,Boom 900 Index,CLOSE,0.2,9147.091,stop
1774947600,Boom 900 Index,BUY,0.2,9169.837,signal
1774950600,Boom 900 Index,CLOSE,0.2,9190.427000000001,takeprofit
1774950900,Boom 900 Index,BUY,0.2,9197.444,signal
1774951200,Boom 900 Index,CLOSE,0.2,9218.024,takeprofit
1774951500,Boom 900 Index,BUY,0.2,9220.537,signal
1774952400,Boom 900 Index,CLOSE,0.2,9241.117,takeprofit
1774952700,Boom 900 Index,BUY,0.2,9265.352,signal
1774953900,Boom 900 Index,CLOSE,0.2,9285.932,takeprofit
1774954200,Boom 900 Index,BUY,0.2,9287.144999999999,signal
1774955100,Boom 900 Index,CLOSE,0.2,9274.119999999999,stop
1774961700,Boom 900 Index,BUY,0.2,9300.096,signal
1774966800,Boom 900 Index,CLOSE,0.2,9287.066,stop
1774990800,Boom 900 Index,BUY,0.2,9225.865,signal
1774991700,Boom 900 Index,CLOSE,0.2,9212.845,stop
1774993200,Boom 900 Index,BUY,0.2,9237.557,signal
1774994700,Boom 900 Index,CLOSE,0.2,9224.537,stop
1775016000,Boom 900 Index,BUY,0.2,9179.703,signal
1775017500,Boom 900 Index,CLOSE,0.2,9200.288,takeprofit
1775017800,Boom 900 Index,BUY,0.2,9201.198,signal
1775021400,Boom 900 Index,CLOSE,0.2,9188.178,stop
1775041800,Boom 900 Index,BUY,0.2,9126.318,signal
1775043900,Boom 900 Index,CLOSE,0.2,9146.908000000001,takeprofit
1775044200,Boom 900 Index,BUY,0.2,9147.552,signal
1775045400,Boom 900 Index,CLOSE,0.2,9168.142000000002,takeprofit
1775045700,Boom 900 Index,BUY,0.2,9168.234999999999,signal
1775047200,Boom 900 Index,CLOSE,0.2,9188.825,takeprofit
1775047500,Boom 900 Index,BUY,0.2,9187.857,signal
1775050800,Boom 900 Index,CLOSE,0.2,9174.847000000002,stop
1775056800,Boom 900 Index,BUY,0.2,9239.744,signal
1775061300,Boom 900 Index,CLOSE,0.2,9226.724,stop
1775069100,Boom 900 Index,BUY,0.2,9249.522,signal
1775070000,Boom 900 Index,CLOSE,0.2,9236.502,stop
1775094900,Boom 900 Index,BUY,0.2,9179.902,signal
1775096100,Boom 900 Index,CLOSE,0.2,9166.892000000002,stop
1775102700,Boom 900 Index,BUY,0.2,9183.829,signal
1775105100,Boom 900 Index,CLOSE,0.2,9204.414,takeprofit
1775105400,Boom 900 Index,BUY,0.2,9228.845,signal
1775111400,Boom 900 Index,CLOSE,0.2,9249.425,takeprofit
1775111700,Boom 900 Index,BUY,0.2,9253.228000000001,signal
1775115900,Boom 900 Index,CLOSE,0.2,9240.208,stop
1775135700,Boom 900 Index,BUY,0.2,9215.689,signal
1775137500,Boom 900 Index,CLOSE,0.2,9236.269,takeprofit
1775137800,Boom 900 Index,BUY,0.2,9237.469000000001,signal
1775138700,Boom 900 Index,CLOSE,0.2,9224.449,stop
1775143500,Boom 900 Index,BUY,0.2,9245.412,signal
1775146800,Boom 900 Index,CLOSE,0.2,9232.392,stop
1775158200,Boom 900 Index,BUY,0.2,9228.035,signal
1775159400,Boom 900 Index,CLOSE,0.2,9215.015,stop
1775160000,Boom 900 Index,BUY,0.2,9230.515,signal
1775160900,Boom 900 Index,CLOSE,0.2,9217.494999999999,stop
1775161500,Boom 900 Index,BUY,0.2,9233.565,signal
1775162400,Boom 900 Index,CLOSE,0.2,9220.545,stop
1775169300,Boom 900 Index,BUY,0.2,9248.898000000001,signal
1775170500,Boom 900 Index,CLOSE,0.2,9235.878,stop
1775358000,Boom 900 Index,SELL,0.2,8947.373,signal
1775360400,Boom 900 Index,CLOSE,0.2,8926.763,takeprofit
1775360700,Boom 900 Index,SELL,0.2,8923.073999999999,signal
1775365800,Boom 900 Index,CLOSE,0.2,8936.059,stop
1775380200,Boom 900 Index,SELL,0.2,8966.112,signal
1775383500,Boom 900 Index,CLOSE,0.2,8945.502,takeprofit
1775383800,Boom 900 Index,SELL,0.2,8942.420999999998,signal
1775385900,Boom 900 Index,CLOSE,0.2,8921.811,takeprofit
1775386200,Boom 900 Index,SELL,0.2,8918.626,signal
1775395500,Boom 900 Index,CLOSE,0.2,8931.611,stop
1775410800,Boom 900 Index,SELL,0.2,8949.198999999999,signal
1775412900,Boom 900 Index,CLOSE,0.2,8928.589,takeprofit
1775413200,Boom 900 Index,SELL,0.2,8926.58,signal
1775419200,Boom 900 Index,CLOSE,0.2,8905.965,takeprofit
1775423400,Boom 900 Index,SELL,0.2,8891.797,signal
1775424600,Boom 900 Index,CLOSE,0.2,8904.777,stop
1775427000,Boom 900 Index,SELL,0.2,8881.373,signal
1775431200,Boom 900 Index,CLOSE,0.2,8860.752999999999,takeprofit
1775431500,Boom 900 Index,SELL,0.2,8857.298,signal
1775434200,Boom 900 Index,CLOSE,0.2,8870.278,stop
1775460600,Boom 900 Index,SELL,0.2,8977.822999999999,signal
1775464500,Boom 900 Index,CLOSE,0.2,8990.813,stop
1775512200,Boom 900 Index,SELL,0.2,8960.778999999999,signal
1775512500,Boom 900 Index,CLOSE,0.2,8973.769,stop
1775519100,Boom 900 Index,SELL,0.2,8960.089,signal
1775522700,Boom 900 Index,CLOSE,0.2,8973.079000000002,stop
1775537700,Boom 900 Index,SELL,0.2,8955.712,signal
1775541600,Boom 900 Index,CLOSE,0.2,8935.102,takeprofit
1775541900,Boom 900 Index,SELL,0.2,8933.538999999999,signal
1775543700,Boom 900 Index,CLOSE,0.2,8946.529,stop
1775590500,Boom 900 Index,SELL,0.2,8970.411,signal
1775593500,Boom 900 Index,CLOSE,0.2,8983.401000000002,stop
1775615100,Boom 900 Index,BUY,0.2,9067.236,signal
1775616300,Boom 900 Index,CLOSE,0.2,9087.836000000001,takeprofit
1775646900,Boom 900 Index,BUY,0.2,9139.797999999999,signal
1775648400,Boom 900 Index,CLOSE,0.2,9126.788,stop
1775668800,Boom 900 Index,BUY,0.2,9098.045,signal
1775671200,Boom 900 Index,CLOSE,0.2,9085.045,stop
1775674500,Boom 900 Index,BUY,0.2,9104.269999999999,signal
1775679000,Boom 900 Index,CLOSE,0.2,9091.265,stop
1775733900,Boom 900 Index,SELL,0.2,8970.545,signal
1775738700,Boom 900 Index,CLOSE,0.2,8983.535000000002,stop
1775759100,Boom 900 Index,SELL,0.2,8990.88,signal
1775760600,Boom 900 Index,CLOSE,0.2,9003.87,stop
1775782800,Boom 900 Index,SELL,0.2,8998.796999999999,signal
1775785500,Boom 900 Index,CLOSE,0.2,8978.187,takeprofit
1775785800,Boom 900 Index,SELL,0.2,8974.161,signal
1775792100,Boom 900 Index,CLOSE,0.2,8987.151000000002,stop
1775807100,Boom 900 Index,SELL,0.2,8996.940999999999,signal
1775811600,Boom 900 Index,CLOSE,0.2,9009.931,stop
1775864700,Boom 900 Index,BUY,0.2,9066.306,signal
1775869200,Boom 900 Index,CLOSE,0.2,9053.306,stop
1775892600,Boom 900 Index,BUY,0.2,9088.619,signal
1775893800,Boom 900 Index,CLOSE,0.2,9075.619,stop
1775901900,Boom 900 Index,BUY,0.2,9072.971,signal
1775904300,Boom 900 Index,CLOSE,0.2,9059.971,stop
1775911800,Boom 900 Index,BUY,0.2,9075.924,signal
1775912700,Boom 900 Index,CLOSE,0.2,9096.524000000001,takeprofit
1775913000,Boom 900 Index,BUY,0.2,9095.499,signal
1775914800,Boom 900 Index,CLOSE,0.2,9082.499,stop
1775923200,Boom 900 Index,BUY,0.2,9071.761,signal
1775924100,Boom 900 Index,CLOSE,0.2,9058.761,stop
1775962200,Boom 900 Index,BUY,0.2,9077.387,signal
1775964300,Boom 900 Index,CLOSE,0.2,9064.387,stop
1775970000,Boom 900 Index,BUY,0.2,9086.592,signal
1775970900,Boom 900 Index,CLOSE,0.2,9073.592,stop
1775974200,Boom 900 Index,BUY,0.2,9087.845,signal
1775975100,Boom 900 Index,CLOSE,0.2,9074.845,stop
1775997300,Boom 900 Index,BUY,0.2,9048.286,signal
1776000300,Boom 900 Index,CLOSE,0.2,9035.286,stop
1776021600,Boom 900 Index,BUY,0.2,9082.775,signal
1776024900,Boom 900 Index,CLOSE,0.2,9069.775,stop
1776037800,Boom 900 Index,BUY,0.2,9061.01,signal
1776039900,Boom 900 Index,CLOSE,0.2,9048.01,stop
1776045600,Boom 900 Index,BUY,0.2,9056.227,signal
1776063000,Boom 900 Index,CLOSE,0.2,9043.227,stop
1776090000,Boom 900 Index,SELL,0.2,8975.803,signal
1776090300,Boom 900 Index,CLOSE,0.2,8988.793000000001,stop
1776104100,Boom 900 Index,SELL,0.2,8976.036999999998,signal
1776105000,Boom 900 Index,CLOSE,0.2,8989.027,stop
1776111900,Boom 900 Index,SELL,0.2,8962.969,signal
1776114900,Boom 900 Index,CLOSE,0.2,8942.359,takeprofit
1776115200,Boom 900 Index,SELL,0.2,8940.73,signal
1776118800,Boom 900 Index,CLOSE,0.2,8920.12,takeprofit
1776119100,Boom 900 Index,SELL,0.2,8918.714,signal
1776124500,Boom 900 Index,CLOSE,0.2,8898.094,takeprofit
1776126600,Boom 900 Index,SELL,0.2,8892.202,signal
1776129900,Boom 900 Index,CLOSE,0.2,8871.581999999999,takeprofit
1776130200,Boom 900 Index,SELL,0.2,8868.475,signal
1776130800,Boom 900 Index,CLOSE,0.2,8881.455,stop
1776137400,Boom 900 Index,SELL,0.2,8874.398000000001,signal
1776141900,Boom 900 Index,CLOSE,0.2,8853.778,takeprofit
1776142200,Boom 900 Index,SELL,0.2,8851.068000000001,signal
1776147000,Boom 900 Index,CLOSE,0.2,8830.448,takeprofit
1776147300,Boom 900 Index,SELL,0.2,8828.733,signal
1776148200,Boom 900 Index,CLOSE,0.2,8841.708,stop
1776153600,Boom 900 Index,SELL,0.2,8814.455,signal
1776155400,Boom 900 Index,CLOSE,0.2,8827.425000000001,stop
1776160500,Boom 900 Index,SELL,0.2,8792.020999999999,signal
1776160800,Boom 900 Index,CLOSE,0.2,8804.991,stop
1776163800,Boom 900 Index,SELL,0.2,8786.987,signal
1776170100,Boom 900 Index,CLOSE,0.2,8799.957,stop
1776174300,Boom 900 Index,SELL,0.2,8779.564,signal
1776179400,Boom 900 Index,CLOSE,0.2,8758.934000000001,takeprofit
1776179700,Boom 900 Index,SELL,0.2,8757.853,signal
1776181800,Boom 900 Index,CLOSE,0.2,8737.217999999999,takeprofit
1776182100,Boom 900 Index,SELL,0.2,8734.719000000001,signal
1776184200,Boom 900 Index,CLOSE,0.2,8714.079,takeprofit
1776186300,Boom 900 Index,SELL,0.2,8712.338,signal
1776187500,Boom 900 Index,CLOSE,0.2,8725.297999999999,stop
1776207600,Boom 900 Index,SELL,0.2,8800.684,signal
1776210000,Boom 900 Index,CLOSE,0.2,8780.054,takeprofit
1776210900,Boom 900 Index,SELL,0.2,8775.001,signal
1776211500,Boom 900 Index,CLOSE,0.2,8787.971000000001,stop
1776219300,Boom 900 Index,SELL,0.2,8765.55,signal
1776220800,Boom 900 Index,CLOSE,0.2,8778.52,stop
1776276300,Boom 900 Index,SELL,0.2,8907.625,signal
1776279000,Boom 900 Index,CLOSE,0.2,8887.005,takeprofit
1776279300,Boom 900 Index,SELL,0.2,8883.398000000001,signal
1776279600,Boom 900 Index,CLOSE,0.2,8896.378,stop
1776282600,Boom 900 Index,SELL,0.2,8880.069,signal
1776286200,Boom 900 Index,CLOSE,0.2,8859.448999999999,takeprofit
1776286500,Boom 900 Index,SELL,0.2,8856.798,signal
1776287100,Boom 900 Index,CLOSE,0.2,8869.778,stop
1776327000,Boom 900 Index,SELL,0.2,8910.903,signal
1776333300,Boom 900 Index,CLOSE,0.2,8890.283,takeprofit
1776334500,Boom 900 Index,SELL,0.2,8881.45,signal
1776336600,Boom 900 Index,CLOSE,0.2,8860.83,takeprofit
1776350700,Boom 900 Index,SELL,0.2,8882.903,signal
1776354600,Boom 900 Index,CLOSE,0.2,8895.883,stop
1776370800,Boom 900 Index,SELL,0.2,8902.75,signal
1776375900,Boom 900 Index,CLOSE,0.2,8915.73,stop
1776381000,Boom 900 Index,SELL,0.2,8874.195,signal
1776383100,Boom 900 Index,CLOSE,0.2,8853.574999999999,takeprofit
1776383400,Boom 900 Index,SELL,0.2,8850.411,signal
1776385800,Boom 900 Index,CLOSE,0.2,8829.786,takeprofit
1776386100,Boom 900 Index,SELL,0.2,8825.705,signal
1776388500,Boom 900 Index,CLOSE,0.2,8805.075,takeprofit
1776388800,Boom 900 Index,SELL,0.2,8802.935,signal
1776388800,Boom 900 Index,CLOSE,0.2,8815.905,stop
1776398100,Boom 900 Index,SELL,0.2,8827.340999999999,signal
1776402000,Boom 900 Index,CLOSE,0.2,8806.711,takeprofit
1776402300,Boom 900 Index,SELL,0.2,8803.18,signal
1776404700,Boom 900 Index,CLOSE,0.2,8816.150000000001,stop
1776410100,Boom 900 Index,SELL,0.2,8792.179,signal
1776412200,Boom 900 Index,CLOSE,0.2,8771.549,takeprofit
1776412500,Boom 900 Index,SELL,0.2,8768.845,signal
1776414000,Boom 900 Index,CLOSE,0.2,8781.815,stop
1776420300,Boom 900 Index,SELL,0.2,8773.973,signal
1776431100,Boom 900 Index,CLOSE,0.2,8753.343,takeprofit
1776431700,Boom 900 Index,SELL,0.2,8747.831,signal
1776431700,Boom 900 Index,CLOSE,0.2,8760.801000000001,stop
1776447600,Boom 900 Index,SELL,0.2,8786.697,signal
1776451200,Boom 900 Index,CLOSE,0.2,8766.067000000001,takeprofit
1776451500,Boom 900 Index,SELL,0.2,8762.511999999999,signal
1776451800,Boom 900 Index,CLOSE,0.2,8775.482,stop
1776476400,Boom 900 Index,SELL,0.2,8812.242,signal
1776479400,Boom 900 Index,CLOSE,0.2,8791.612000000001,takeprofit
1776479700,Boom 900 Index,SELL,0.2,8790.109999999999,signal
1776479700,Boom 900 Index,CLOSE,0.2,8803.08,stop
1776492600,Boom 900 Index,SELL,0.2,8826.564999999999,signal
1776497700,Boom 900 Index,CLOSE,0.2,8805.935,takeprofit
1776498000,Boom 900 Index,SELL,0.2,8804.287999999999,signal
1776500100,Boom 900 Index,CLOSE,0.2,8783.658,takeprofit
1776500400,Boom 900 Index,SELL,0.2,8780.929,signal
1776501000,Boom 900 Index,CLOSE,0.2,8793.899000000001,stop
1776503100,Boom 900 Index,SELL,0.2,8779.831999999999,signal
1776504300,Boom 900 Index,CLOSE,0.2,8792.802,stop
1776510600,Boom 900 Index,SELL,0.2,8766.033,signal
1776513000,Boom 900 Index,CLOSE,0.2,8745.403,takeprofit
1776513300,Boom 900 Index,SELL,0.2,8743.844,signal
1776514200,Boom 900 Index,CLOSE,0.2,8756.809,stop
1776539100,Boom 900 Index,SELL,0.2,8781.404999999999,signal
1776540000,Boom 900 Index,CLOSE,0.2,8794.375,stop
1776570600,Boom 900 Index,SELL,0.2,8819.425,signal
1776572700,Boom 900 Index,CLOSE,0.2,8798.795,takeprofit
1776573000,Boom 900 Index,SELL,0.2,8795.873,signal
1776576300,Boom 900 Index,CLOSE,0.2,8775.243,takeprofit
1776576600,Boom 900 Index,SELL,0.2,8774.224999999999,signal
1776578700,Boom 900 Index,CLOSE,0.2,8787.195,stop
1776583800,Boom 900 Index,SELL,0.2,8764.866,signal
1776591000,Boom 900 Index,CLOSE,0.2,8744.236,takeprofit
1776591300,Boom 900 Index,SELL,0.2,8742.798999999999,signal
1776597900,Boom 900 Index,CLOSE,0.2,8722.163999999999,takeprofit
1776605400,Boom 900 Index,SELL,0.2,8728.078000000001,signal
1776606000,Boom 900 Index,CLOSE,0.2,8741.038,stop
1776613500,Boom 900 Index,SELL,0.2,8735.381000000001,signal
1776615600,Boom 900 Index,CLOSE,0.2,8714.741,takeprofit
1776615900,Boom 900 Index,SELL,0.2,8712.412,signal
1776616500,Boom 900 Index,CLOSE,0.2,8725.372,stop
1776635700,Boom 900 Index,SELL,0.2,8736.131000000001,signal
1776637800,Boom 900 Index,CLOSE,0.2,8715.491,takeprofit
1776638100,Boom 900 Index,SELL,0.2,8713.223,signal
1776639000,Boom 900 Index,CLOSE,0.2,8726.182999999999,stop
1776645000,Boom 900 Index,SELL,0.2,8703.884,signal
1776645300,Boom 900 Index,CLOSE,0.2,8716.844,stop
1776654600,Boom 900 Index,SELL,0.2,8691.786,signal
1776656100,Boom 900 Index,CLOSE,0.2,8704.746,stop
1776667800,Boom 900 Index,SELL,0.2,8690.837,signal
1776669900,Boom 900 Index,CLOSE,0.2,8670.196999999998,takeprofit
1776670200,Boom 900 Index,SELL,0.2,8668.130000000001,signal
1776671700,Boom 900 Index,CLOSE,0.2,8681.09,stop
1776679500,Boom 900 Index,SELL,0.2,8679.68,signal
1776679500,Boom 900 Index,CLOSE,0.2,8692.64,stop
1776686400,Boom 900 Index,SELL,0.2,8692.569000000001,signal
1776688800,Boom 900 Index,CLOSE,0.2,8671.929,takeprofit
1776689100,Boom 900 Index,SELL,0.2,8670.766,signal
1776691500,Boom 900 Index,CLOSE,0.2,8683.725999999999,stop
1776713700,Boom 900 Index,SELL,0.2,8744.891,signal
1776716400,Boom 900 Index,CLOSE,0.2,8757.856,stop
1776723000,Boom 900 Index,SELL,0.2,8730.258,signal
1776728100,Boom 900 Index,CLOSE,0.2,8743.217999999999,stop
1776743700,Boom 900 Index,SELL,0.2,8711.078000000001,signal
1776745500,Boom 900 Index,CLOSE,0.2,8724.038,stop
1776838200,Boom 900 Index,BUY,0.2,8958.764000000001,signal
1776839400,Boom 900 Index,CLOSE,0.2,8945.774,stop
1776858000,Boom 900 Index,BUY,0.2,8971.784000000001,signal
1776861900,Boom 900 Index,CLOSE,0.2,8958.794,stop
1776878400,Boom 900 Index,BUY,0.2,8999.205,signal
1776883500,Boom 900 Index,CLOSE,0.2,8986.214999999998,stop
1776894600,Boom 900 Index,BUY,0.2,8964.381000000001,signal
1776895500,Boom 900 Index,CLOSE,0.2,8951.391,stop
1776896100,Boom 900 Index,BUY,0.2,8975.994,signal
1776899700,Boom 900 Index,CLOSE,0.2,8996.604,takeprofit
1776900000,Boom 900 Index,BUY,0.2,9011.261,signal
1776901200,Boom 900 Index,CLOSE,0.2,8998.270999999999,stop
1776902100,Boom 900 Index,BUY,0.2,9017.247,signal
1776903000,Boom 900 Index,CLOSE,0.2,9004.251999999999,stop
1776905700,Boom 900 Index,BUY,0.2,9019.011,signal
1776906900,Boom 900 Index,CLOSE,0.2,9006.016,stop
1776920100,Boom 900 Index,BUY,0.2,8990.083,signal
1776921000,Boom 900 Index,CLOSE,0.2,8977.092999999999,stop
1776931800,Boom 900 Index,BUY,0.2,8986.968,signal
1776934500,Boom 900 Index,CLOSE,0.2,8973.978,stop
1776936300,Boom 900 Index,BUY,0.2,8988.867,signal
1776942000,Boom 900 Index,CLOSE,0.2,8975.876999999999,stop
1776951900,Boom 900 Index,BUY,0.2,8973.283000000001,signal
1776953100,Boom 900 Index,CLOSE,0.2,8993.893,takeprofit
1776953400,Boom 900 Index,BUY,0.2,9004.688,signal
1776954300,Boom 900 Index,CLOSE,0.2,8991.697999999999,stop
1776965100,Boom 900 Index,BUY,0.2,9027.535,signal
1776967200,Boom 900 Index,CLOSE,0.2,9014.535,stop
1776969300,Boom 900 Index,BUY,0.2,9032.068,signal
1776972300,Boom 900 Index,CLOSE,0.2,9019.068,stop
1776977100,Boom 900 Index,BUY,0.2,9035.898,signal
1776978300,Boom 900 Index,CLOSE,0.2,9022.898,stop
1776978600,Boom 900 Index,BUY,0.2,9047.741,signal
1776982200,Boom 900 Index,CLOSE,0.2,9034.741,stop
1776984300,Boom 900 Index,BUY,0.2,9062.104,signal
1776990300,Boom 900 Index,CLOSE,0.2,9049.104,stop
1777002900,Boom 900 Index,BUY,0.2,9039.998,signal
1777005300,Boom 900 Index,CLOSE,0.2,9026.998,stop
1777008900,Boom 900 Index,BUY,0.2,9059.598,signal
1777012200,Boom 900 Index,CLOSE,0.2,9046.598,stop
1777020300,Boom 900 Index,BUY,0.2,9043.897,signal
1777021500,Boom 900 Index,CLOSE,0.2,9064.497000000001,takeprofit
1777021800,Boom 900 Index,BUY,0.2,9065.977,signal
1777022700,Boom 900 Index,CLOSE,0.2,9052.977,stop
1777042500,Boom 900 Index,BUY,0.2,9014.306,signal
1777043400,Boom 900 Index,CLOSE,0.2,9001.311,stop
1777063200,Boom 900 Index,BUY,0.2,8991.869,signal
1777068000,Boom 900 Index,CLOSE,0.2,8978.878999999999,stop
1777087200,Boom 900 Index,BUY,0.2,9010.868,signal
1777089300,Boom 900 Index,CLOSE,0.2,8997.873,stop
1777112400,Boom 900 Index,BUY,0.2,9000.154,signal
1777121100,Boom 900 Index,CLOSE,0.2,8987.163999999999,stop
1777158600,Boom 900 Index,BUY,0.2,8980.994,signal
1777160700,Boom 900 Index,CLOSE,0.2,9001.604,takeprofit
1777161000,Boom 900 Index,BUY,0.2,9003.531,signal
1777162200,Boom 900 Index,CLOSE,0.2,8990.541,stop
1777188000,Boom 900 Index,BUY,0.2,8984.437,signal
1777189200,Boom 900 Index,CLOSE,0.2,9005.046999999999,takeprofit
1777189500,Boom 900 Index,BUY,0.2,9031.708,signal
1777191900,Boom 900 Index,CLOSE,0.2,9052.308,takeprofit
1777192200,Boom 900 Index,BUY,0.2,9058.519,signal
1777194900,Boom 900 Index,CLOSE,0.2,9079.119,takeprofit
1777195200,Boom 900 Index,BUY,0.2,9078.944,signal
1777196700,Boom 900 Index,CLOSE,0.2,9065.944,stop
1777199100,Boom 900 Index,BUY,0.2,9087.475,signal
1777201200,Boom 900 Index,CLOSE,0.2,9074.475,stop
1777230900,Boom 900 Index,BUY,0.2,9046.194,signal
1777232100,Boom 900 Index,CLOSE,0.2,9033.194,stop
1777250700,Boom 900 Index,BUY,0.2,9068.483,signal
1777255800,Boom 900 Index,CLOSE,0.2,9055.483,stop
1777261200,Boom 900 Index,BUY,0.2,9074.77,signal
1777261500,Boom 900 Index,CLOSE,0.2,9095.37,takeprofit
1777261800,Boom 900 Index,BUY,0.2,9113.782,signal
1777262700,Boom 900 Index,CLOSE,0.2,9100.772,stop
1777315800,Boom 900 Index,BUY,0.2,8995.595000000001,signal
1777318800,Boom 900 Index,CLOSE,0.2,8982.605,stop
1777422300,Boom 900 Index,SELL,0.2,8874.73,signal
1777425300,Boom 900 Index,CLOSE,0.2,8854.109999999999,takeprofit
1777425600,Boom 900 Index,SELL,0.2,8850.609,signal
1777428900,Boom 900 Index,CLOSE,0.2,8863.589,stop
1777435500,Boom 900 Index,SELL,0.2,8839.127,signal
1777435500,Boom 900 Index,CLOSE,0.2,8852.107,stop
1777443600,Boom 900 Index,SELL,0.2,8848.868,signal
1777448100,Boom 900 Index,CLOSE,0.2,8861.848,stop
1777452900,Boom 900 Index,SELL,0.2,8830.213,signal
1777455000,Boom 900 Index,CLOSE,0.2,8809.588,takeprofit
1777455300,Boom 900 Index,SELL,0.2,8806.555,signal
1777459500,Boom 900 Index,CLOSE,0.2,8785.925000000001,takeprofit
1777476300,Boom 900 Index,SELL,0.2,8824.153,signal
1777477800,Boom 900 Index,CLOSE,0.2,8837.123000000001,stop
1777480500,Boom 900 Index,SELL,0.2,8812.015,signal
1777483200,Boom 900 Index,CLOSE,0.2,8824.985,stop
1777505100,Boom 900 Index,SELL,0.2,8816.055999999999,signal
1777507200,Boom 900 Index,CLOSE,0.2,8795.426,takeprofit
1777507500,Boom 900 Index,SELL,0.2,8792.965,signal
1777510800,Boom 900 Index,CLOSE,0.2,8805.935000000001,stop
